HEADER;;PRECINCT;REGISTERED;BALLOTS;TURNOUT;;TOTAL_S;DEM_S;REP_S;;;;;;;;;TOTAL_I;BIDEN;TRUMP;;;;;;;;;REP_PERCENT;T_MINUS_R;;IND_PERCENT;;;
COMMENT;;;;;;;;Nur straight;;;;;;;;;;Nur individualle;;;Achtung, das ist die Summe, mit straight votes!;;;;;;;;;;Min;16,1;;;
COMMENT;;;;;;;;;;Straight Party;;;;;;;;;;;Individual;;;;;;;;;;Max;55,7;;;
COMMENT;;TOTALS: 252 of 252;Registered voters;Ballots Cast;Turnout;;Total;DEM %;REP %;Democratic Party;Republican Party;Libertarian Party;US Taxpayers Party;Working Class Party;Green Party;Natural Law Party;;Total;Biden %;Trump %;Joseph R. Biden w/ Kamala D. Harris;Donald J. Trump w/ Michael R. Pence;Jo Jorgensen w/ Jeremy Cohen;Don Blankenship w/ William Mohr;Howie Hawkins w/ Angela Walker;Rocky De La Fuente w/ Darcy Richardson;Total write-in;;REP %;Trump % - REP %;;Ind %;;;
COMMENT;;TOTAL;501117;363694;72.58%;;213006;48,5;50,0;103259;106518;1512;287;766;483;181;;149025;56,8;39,7;187915;165741;5495;490;957;241;1192;;50,0;-10,3;;41,2;;;
DATA;;Ada Township Precinct 1;1316;1095;83.21%;;567;45,1;54,3;256;308;0;0;2;1;0;;520;64,8;31,7;593;473;13;1;0;0;7;;54,3;-22,6;;47,8;;;
DATA;;Ada Township Precinct 2;2428;1979;81.51%;;989;45,7;53,7;452;531;2;0;1;2;1;;979;60,4;36,3;1043;886;28;1;5;1;4;;53,7;-17,4;;49,7;;;
DATA;;Ada Township Precinct 3;1397;1152;82.46%;;579;36,6;63,0;212;365;2;0;0;0;0;;566;53,0;40,1;512;592;28;2;3;0;8;;63,0;-22,9;;49,4;;;
DATA;;Ada Township Precinct 4;1168;982;84.08%;;579;28,8;70,8;167;410;2;0;0;0;0;;395;59,5;36,5;402;554;10;0;2;0;6;;70,8;-34,4;;40,6;;;
DATA;;Ada Township Precinct 5;2112;1765;83.57%;;985;27,3;71,6;269;705;6;1;2;1;1;;772;53,5;42,4;682;1032;34;0;1;1;7;;71,6;-29,2;;43,9;;;
DATA;;Ada Township Precinct 6;1031;824;79.92%;;424;43,2;55,7;183;236;2;0;0;3;0;;397;59,9;36,3;421;380;14;0;3;2;1;;55,7;-19,4;;48,4;;;
DATA;;Ada Township Precinct 7;1189;1016;85.45%;;470;42,3;56,6;199;266;4;0;0;1;0;;542;62,7;33,2;539;446;21;1;2;1;2;;56,6;-23,4;;53,6;;;
DATA;;Ada Township Precinct 8;1202;990;82.36%;;544;36,2;63,1;197;343;4;0;0;0;0;;439;57,6;38,0;450;510;15;1;1;1;5;;63,1;-25,0;;44,7;;;
DATA;;Algoma Township Precinct 1;1355;1096;80.89%;;664;28,2;70,8;187;470;4;0;2;1;0;;427;36,8;58,3;344;719;20;2;6;0;0;;70,8;-12,5;;39,1;;;
DATA;;Algoma Township Precinct 2;1648;1391;84.41%;;782;27,7;71,4;217;558;3;0;4;0;0;;607;40,4;56,7;462;902;24;0;1;0;0;;71,4;-14,7;;43,7;;;
DATA;;Algoma Township Precinct 3;1766;1469;83.18%;;859;23,9;75,2;205;646;4;0;3;1;0;;605;40,0;58,5;447;1000;15;1;1;0;0;;75,2;-16,7;;41,3;;;
DATA;;Algoma Township Precinct 4;1873;1426;76.13%;;823;33,4;65,2;275;537;8;0;3;0;0;;597;44,7;53,6;542;857;15;3;2;0;1;;65,2;-11,6;;42,0;;;
DATA;;Algoma Township Precinct 5;2513;2113;84.08%;;1175;29,9;69,4;351;816;3;0;3;2;0;;930;53,9;42,8;852;1214;32;1;4;1;1;;69,4;-26,7;;44,2;;;
DATA;;Alpine Township Precinct 1;1135;876;77.18%;;465;36,6;61,9;170;288;6;0;1;0;0;;406;41,1;54,9;337;511;17;1;1;0;4;;61,9;-7,0;;46,6;;;
DATA;;Alpine Township Precinct 2;1428;998;69.89%;;590;46,4;51,7;274;305;6;0;3;0;2;;406;57,4;41,1;507;472;13;0;1;2;1;;51,7;-10,6;;40,8;;;
DATA;;Alpine Township Precinct 3;2350;1856;78.98%;;995;42,5;56,2;423;559;8;0;3;2;0;;852;57,2;39,8;910;898;30;1;4;1;3;;56,2;-16,4;;46,1;;;
DATA;;Alpine Township Precinct 4;2388;1601;67.04%;;975;37,9;60,1;370;586;7;3;6;3;0;;623;42,7;56,3;636;937;12;3;0;3;7;;60,1;-3,8;;39,0;;;
DATA;;Alpine Township Precinct 5;1053;845;80.25%;;460;27,0;71,1;124;327;4;0;3;2;0;;381;39,4;59,8;274;555;8;2;1;0;1;;71,1;-11,2;;45,3;;;
DATA;;Alpine Township Precinct 6;2173;1056;48.6%;;669;67,4;30,2;451;202;4;3;4;3;2;;386;71,0;28,0;725;310;14;1;4;0;1;;30,2;-2,2;;36,6;;;
DATA;;Bowne Township Precinct 1;2578;2155;83.59%;;1220;17,0;82,5;208;1006;0;0;3;2;1;;922;36,2;59,8;542;1557;32;1;7;0;3;;82,5;-22,7;;43,0;;;
DATA;;Byron Township Precinct 1;2655;2214;83.39%;;1254;20,1;78,7;252;987;7;1;3;4;0;;944;39,4;54,7;624;1503;51;5;6;1;8;;78,7;-24,0;;42,9;;;
DATA;;Byron Township Precinct 2;2872;2492;86.77%;;1440;22,7;76,4;327;1100;8;3;0;2;0;;1030;46,5;50,6;806;1621;30;6;3;0;4;;76,4;-25,8;;41,7;;;
DATA;;Byron Township Precinct 3;3128;1561;49.9%;;1056;46,9;50,9;495;538;13;2;2;4;2;;502;49,4;46,6;743;772;27;4;9;1;2;;50,9;-4,3;;32,2;;;
DATA;;Byron Township Precinct 4;2179;1941;89.08%;;1176;14,4;85,3;169;1003;1;2;1;0;0;;761;34,8;60,4;434;1463;28;1;2;2;7;;85,3;-24,8;;39,3;;;
DATA;;Byron Township Precinct 5;2618;2264;86.48%;;1318;17,6;81,6;232;1076;5;2;1;2;0;;929;37,4;58,0;579;1615;40;1;2;0;10;;81,6;-23,6;;41,3;;;
DATA;;Byron Township Precinct 6;1585;1333;84.1%;;725;25,2;73,7;183;534;7;1;0;0;0;;605;47,6;48,8;471;829;20;2;3;4;1;;73,7;-24,9;;45,5;;;
DATA;;Byron Township Precinct 7;2610;2117;81.11%;;1208;29,6;69,5;358;840;7;0;2;0;1;;894;43,4;52,7;746;1311;32;2;1;3;7;;69,5;-16,9;;42,5;;;
DATA;;Byron Township Precinct 8;2407;2002;83.17%;;1206;34,8;64,2;420;774;8;0;1;2;1;;786;52,3;44,5;831;1124;23;2;2;1;9;;64,2;-19,6;;39,5;;;
DATA;;Caledonia Charter Township Precinct 1;1286;994;77.29%;;538;33,3;65,6;179;353;4;2;0;0;0;;454;54,0;42,1;424;544;19;0;2;0;3;;65,6;-23,5;;45,8;;;
DATA;;Caledonia Charter Township Precinct 2;2250;1799;79.96%;;1084;26,5;72,4;287;785;5;0;6;1;0;;706;47,7;49,2;624;1132;27;3;2;1;1;;72,4;-23,3;;39,4;;;
DATA;;Caledonia Charter Township Precinct 3;2227;1825;81.95%;;1005;22,7;75,6;228;760;8;3;4;2;0;;814;42,8;54,8;576;1206;27;5;4;1;0;;75,6;-20,8;;44,7;;;
DATA;;Caledonia Charter Township Precinct 4;1440;1226;85.14%;;689;21,6;77,5;149;534;3;1;2;0;0;;530;41,9;55,7;371;829;15;1;0;0;3;;77,5;-21,8;;43,5;;;
DATA;;Caledonia Charter Township Precinct 5;2691;2192;81.46%;;1212;27,1;72,2;328;875;6;1;0;1;1;;969;44,7;51,9;761;1378;26;2;5;3;6;;72,2;-20,3;;44,4;;;
DATA;;Caledonia Charter Township Precinct 6;2131;1701;79.82%;;930;31,6;67,4;294;627;3;1;2;2;1;;763;49,1;48,4;669;996;18;2;3;1;4;;67,4;-19,1;;45,1;;;
DATA;;Cannon Township Precinct 1;2238;1907;85.21%;;1005;29,0;70,0;291;703;8;1;1;1;0;;890;50,7;45,3;742;1106;32;2;5;2;6;;70,0;-24,7;;47,0;;;
DATA;;Cannon Township Precinct 2;2068;1705;82.45%;;933;29,2;70,1;272;654;3;1;2;1;0;;760;44,5;52,4;610;1052;26;1;2;0;2;;70,1;-17,7;;44,9;;;
DATA;;Cannon Township Precinct 3;1663;1409;84.73%;;757;32,2;67,0;244;507;3;0;1;2;0;;640;52,3;44,1;579;789;26;0;1;1;1;;67,0;-22,9;;45,8;;;
DATA;;Cannon Township Precinct 4;2515;2113;84.02%;;1095;33,8;65,1;370;713;5;1;4;2;0;;1003;53,1;43,9;903;1153;27;3;4;0;8;;65,1;-21,2;;47,8;;;
DATA;;Cannon Township Precinct 5;1649;1363;82.66%;;713;28,2;70,4;201;502;5;0;1;3;1;;642;46,9;50,5;502;826;18;3;2;1;3;;70,4;-19,9;;47,4;;;
DATA;;Cannon Township Precinct 6;2005;1650;82.29%;;814;29,7;69,4;242;565;2;1;4;0;0;;827;48,5;47,9;643;961;22;7;4;1;3;;69,4;-21,5;;50,4;;;
DATA;;Cascade Charter Township Precinct 1;1502;1289;85.82%;;671;33,7;66,2;226;444;1;0;0;0;0;;606;60,2;37,3;591;670;13;0;2;0;1;;66,2;-28,9;;47,5;;;
DATA;;Cascade Charter Township Precinct 2;1798;1516;84.32%;;771;37,9;61,7;292;476;1;1;0;1;0;;735;58,0;39,3;718;765;15;0;3;0;5;;61,7;-22,4;;48,8;;;
DATA;;Cascade Charter Township Precinct 3;1229;1047;85.19%;;556;36,9;62,4;205;347;2;0;0;1;1;;483;55,7;40,6;474;543;11;1;3;3;4;;62,4;-21,8;;46,5;;;
DATA;;Cascade Charter Township Precinct 4;1778;1539;86.56%;;757;39,0;59,8;295;453;7;0;2;0;0;;779;62,9;33,6;785;715;26;0;2;1;7;;59,8;-26,2;;50,7;;;
DATA;;Cascade Charter Township Precinct 5;2468;2084;84.44%;;1072;33,4;66,0;358;708;4;0;2;0;0;;997;55,4;41,3;910;1120;31;0;4;0;4;;66,0;-24,7;;48,2;;;
DATA;;Cascade Charter Township Precinct 6;1602;1338;83.52%;;702;48,7;50,3;342;353;4;0;2;1;0;;628;61,3;36,0;727;579;16;2;3;1;2;;50,3;-14,3;;47,2;;;
DATA;;Cascade Charter Township Precinct 7;1413;1074;76.01%;;671;39,8;59,2;267;397;5;1;0;1;0;;392;63,5;34,9;516;534;7;0;1;0;5;;59,2;-24,2;;36,9;;;
DATA;;Cascade Charter Township Precinct 8;1390;1207;86.83%;;597;47,7;51,6;285;308;2;1;1;0;0;;603;61,5;36,7;656;529;11;0;0;0;4;;51,6;-14,9;;50,3;;;
DATA;;Cascade Charter Township Precinct 9;1469;1263;85.98%;;603;42,5;56,9;256;343;1;0;1;1;1;;651;60,8;35,5;652;574;19;0;4;1;4;;56,9;-21,4;;51,9;;;
DATA;;Cascade Charter Township Precinct 10;1432;1221;85.27%;;616;30,4;68,7;187;423;5;0;0;1;0;;599;51,9;43,2;498;682;21;3;7;0;4;;68,7;-25,4;;49,3;;;
DATA;;Cedar Springs City Precinct 1;2551;1562;61.23%;;931;32,4;65,7;302;612;7;0;7;0;3;;628;40,8;54,8;558;956;30;6;2;1;6;;65,7;-11,0;;40,3;;;
DATA;;Courtland Township Precinct 1;2216;1854;83.66%;;893;33,4;65,8;298;588;5;0;1;0;1;;953;46,2;50,9;738;1073;24;1;5;1;4;;65,8;-15,0;;51,6;;;
DATA;;Courtland Township Precinct 2;2502;2069;82.69%;;1202;27,0;72,1;324;867;6;1;2;2;0;;863;38,5;57,4;656;1362;31;5;5;1;5;;72,1;-14,8;;41,8;;;
DATA;;Courtland Township Precinct 3;2485;2031;81.73%;;1150;26,8;72,1;308;829;9;0;2;2;0;;876;44,6;53,1;699;1294;23;2;3;2;3;;72,1;-19,0;;43,2;;;
DATA;;East Grand Rapids City Ward 1 Precinct 1;1603;1347;84.03%;;711;62,6;36,7;445;261;2;1;0;0;2;;630;70,5;27,3;889;433;13;1;1;0;4;;36,7;-9,4;;47,0;;;
DATA;;East Grand Rapids City Ward 1 Precinct 2;1548;1311;84.69%;;624;55,9;43,6;349;272;2;0;0;1;0;;677;68,4;27,6;812;459;12;2;2;2;12;;43,6;-16,0;;52,0;;;
DATA;;East Grand Rapids City Ward 2 Precinct 3;1625;1366;84.06%;;680;58,8;41,0;400;279;1;0;0;0;0;;672;72,3;25,0;886;447;14;2;0;0;3;;41,0;-16,0;;49,7;;;
DATA;;East Grand Rapids City Ward 2 Precinct 4;1448;1191;82.25%;;601;61,7;38,1;371;229;1;0;0;0;0;;585;72,3;23,8;794;368;19;0;2;0;3;;38,1;-14,3;;49,3;;;
DATA;;East Grand Rapids City Ward 3 Precinct 5;1566;1312;83.78%;;578;67,6;32,0;391;185;2;0;0;0;0;;727;72,2;23,7;916;357;24;1;3;0;4;;32,0;-8,3;;55,7;;;
DATA;;East Grand Rapids City Ward 3 Precinct 6;1609;1358;84.4%;;651;64,2;34,7;418;226;5;0;0;2;0;;693;77,6;18,5;956;354;16;1;3;0;14;;34,7;-16,2;;51,6;;;
DATA;;Gaines Charter Township Precinct 1;2336;1988;85.1%;;1271;20,9;78,4;266;996;6;2;0;1;0;;704;42,3;52,7;564;1367;34;4;0;0;6;;78,4;-25,7;;35,6;;;
DATA;;Gaines Charter Township Precinct 2;1777;1423;80.08%;;876;41,6;56,8;364;498;6;3;3;0;2;;534;56,2;41,4;664;719;15;2;2;2;6;;56,8;-15,5;;37,9;;;
DATA;;Gaines Charter Township Precinct 3;2317;1604;69.23%;;1012;32,0;65,9;324;667;13;0;5;3;0;;587;47,9;47,4;605;945;39;1;4;0;5;;65,9;-18,5;;36,7;;;
DATA;;Gaines Charter Township Precinct 4;3272;1642;50.18%;;1142;51,4;45,8;587;523;9;6;12;4;1;;486;51,0;47,1;835;752;21;6;8;2;4;;45,8;1,3;;29,9;;;
DATA;;Gaines Charter Township Precinct 5;2159;1318;61.05%;;836;57,4;41,0;480;343;7;0;3;2;1;;476;64,5;30,7;787;489;24;1;7;2;2;;41,0;-10,4;;36,3;;;
DATA;;Gaines Charter Township Precinct 6;2085;1689;81.01%;;988;30,6;68,7;302;679;4;1;2;0;0;;691;48,2;47,0;635;1004;32;1;1;0;6;;68,7;-21,7;;41,2;;;
DATA;;Gaines Charter Township Precinct 7;2822;2345;83.1%;;1414;29,6;69,5;418;983;7;0;3;3;0;;921;47,4;49,3;855;1437;29;0;3;0;11;;69,5;-20,2;;39,4;;;
DATA;;Gaines Charter Township Precinct 8;2548;1910;74.96%;;1143;35,0;64,4;400;736;5;0;0;1;1;;760;48,0;45,5;765;1082;40;3;4;2;7;;64,4;-18,9;;39,9;;;
DATA;;Gaines Charter Township Precinct 9;1927;1452;75.35%;;864;53,5;45,4;462;392;2;1;7;0;0;;586;59,0;39,6;808;624;15;0;0;0;3;;45,4;-5,8;;40,4;;;
DATA;;Grand Rapids Charter Township Precinct 1;1706;1380;80.89%;;762;40,3;59,2;307;451;3;0;0;1;0;;606;60,6;36,8;674;674;13;2;2;0;3;;59,2;-22,4;;44,3;;;
DATA;;Grand Rapids Charter Township Precinct 2;1103;911;82.59%;;508;47,8;51,2;243;260;2;0;3;0;0;;400;55,8;42,5;466;430;9;2;0;0;1;;51,2;-8,7;;44,1;;;
DATA;;Grand Rapids Charter Township Precinct 3;1904;1585;83.25%;;874;50,2;49,3;439;431;3;0;1;0;0;;688;67,2;29,8;901;636;16;2;1;1;5;;49,3;-19,5;;44,0;;;
DATA;;Grand Rapids Charter Township Precinct 4;2026;1701;83.96%;;881;48,1;50,7;424;447;3;1;3;3;0;;813;62,6;33,7;933;721;25;1;5;1;8;;50,7;-17,0;;48,0;;;
DATA;;Grand Rapids Charter Township Precinct 5;2017;1654;82%;;864;45,1;53,9;390;466;4;1;1;2;0;;772;65,5;32,1;896;714;17;0;4;1;4;;53,9;-21,8;;47,2;;;
DATA;;Grand Rapids Charter Township Precinct 6;1835;1522;82.94%;;822;41,4;56,0;340;460;10;3;3;4;2;;695;57,7;39,3;741;733;27;1;6;1;8;;56,0;-16,7;;45,8;;;
DATA;;Grand Rapids Charter Township Precinct 7;1087;802;73.78%;;459;45,1;53,8;207;247;3;0;1;1;0;;339;51,0;46,9;380;406;6;0;2;2;2;;53,8;-6,9;;42,5;;;
DATA;;Grand Rapids Charter Township Precinct 8;1996;1652;82.77%;;872;46,4;52,1;405;454;7;1;3;2;0;;771;62,1;34,8;884;722;28;1;1;0;7;;52,1;-17,3;;46,9;;;
DATA;;Grand Rapids Charter Township Precinct 9;1257;1079;85.84%;;570;35,1;63,9;200;364;4;2;0;0;0;;501;59,9;37,7;500;553;12;0;3;1;2;;63,9;-26,1;;46,8;;;
DATA;;Grand Rapids City Ward 1 Precinct 1;2746;1555;56.63%;;940;70,1;25,9;659;243;13;3;7;13;2;;613;69,5;26,8;1085;407;34;2;16;2;7;;25,9;0,9;;39,5;;;
DATA;;Grand Rapids City Ward 1 Precinct 2;1467;749;51.06%;;484;72,3;24,6;350;119;6;5;2;2;0;;262;72,9;24,4;541;183;14;2;5;1;0;;24,6;-0,2;;35,1;;;
DATA;;Grand Rapids City Ward 1 Precinct 3;2115;1591;75.22%;;947;74,4;24,4;705;231;3;2;2;4;0;;639;72,9;22,4;1171;374;23;2;2;1;13;;24,4;-2,0;;40,3;;;
DATA;;Grand Rapids City Ward 1 Precinct 4;1902;1403;73.76%;;764;78,1;20,4;597;156;2;2;2;5;0;;634;80,1;15,6;1105;255;18;3;5;0;12;;20,4;-4,8;;45,4;;;
DATA;;Grand Rapids City Ward 1 Precinct 5;1465;885;60.41%;;537;70,6;25,9;379;139;10;1;4;4;0;;346;71,4;24,6;626;224;15;1;10;1;6;;25,9;-1,3;;39,2;;;
DATA;;Grand Rapids City Ward 1 Precinct 6;2288;1822;79.63%;;1020;50,9;47,9;519;489;6;1;2;3;0;;795;60,9;36,0;1003;775;24;2;5;0;6;;47,9;-12,0;;43,8;;;
DATA;;Grand Rapids City Ward 1 Precinct 8;1319;1084;82.18%;;561;59,4;38,0;333;213;8;1;3;2;1;;522;64,2;32,8;668;384;17;1;6;1;6;;38,0;-5,2;;48,2;;;
DATA;;Grand Rapids City Ward 1 Precinct 9;3094;1273;41.14%;;813;73,3;25,0;596;203;6;2;3;3;0;;455;70,3;26,2;916;322;21;0;2;0;7;;25,0;1,2;;35,9;;;
DATA;;Grand Rapids City Ward 1 Precinct 10;1821;1310;71.94%;;785;63,6;35,3;499;277;6;0;3;0;0;;522;63,8;33,5;832;452;14;3;1;1;4;;35,3;-1,8;;39,9;;;
DATA;;Grand Rapids City Ward 1 Precinct 11;1772;1459;82.34%;;816;45,7;52,1;373;425;8;2;4;2;2;;641;59,0;37,9;751;668;22;4;5;0;7;;52,1;-14,2;;44,0;;;
DATA;;Grand Rapids City Ward 1 Precinct 12;2224;1162;52.25%;;772;72,3;24,9;558;192;12;2;3;4;1;;385;67,8;27,3;819;297;30;1;4;1;5;;24,9;2,4;;33,3;;;
DATA;;Grand Rapids City Ward 1 Precinct 13;2455;1359;55.36%;;813;69,4;27,6;564;224;12;1;3;9;0;;542;69,2;28,0;939;376;26;3;7;1;3;;27,6;0,5;;40,0;;;
DATA;;Grand Rapids City Ward 1 Precinct 14;2301;1625;70.62%;;910;60,3;37,6;549;342;8;2;5;4;0;;713;64,5;29,3;1009;551;40;5;7;2;9;;37,6;-8,3;;43,9;;;
DATA;;Grand Rapids City Ward 1 Precinct 15;2315;934;40.35%;;756;81,5;15,5;616;117;4;2;12;3;2;;176;85,2;19,3;766;151;7;3;4;0;1;;15,5;3,8;;18,9;;;
DATA;;Grand Rapids City Ward 1 Precinct 16;2456;1110;45.2%;;853;83,2;13,7;710;117;7;4;7;3;5;;255;73,7;25,1;898;181;10;1;5;5;8;;13,7;11,4;;23,0;;;
DATA;;Grand Rapids City Ward 1 Precinct 17;2537;1561;61.53%;;978;62,0;35,3;606;345;14;1;10;1;1;;576;65,6;30,2;984;519;33;5;7;0;6;;35,3;-5,1;;37,1;;;
DATA;;Grand Rapids City Ward 1 Precinct 18;1323;605;45.73%;;485;86,8;10,5;421;51;5;0;4;0;4;;112;86,6;11,6;518;64;9;1;1;3;1;;10,5;1,1;;18,8;;;
DATA;;Grand Rapids City Ward 1 Precinct 19;2393;1365;57.04%;;878;66,1;30,2;580;265;10;2;11;8;2;;486;64,2;33,1;892;426;26;3;8;1;8;;30,2;2,9;;35,6;;;
DATA;;Grand Rapids City Ward 1 Precinct 20;2277;1955;85.86%;;1059;45,4;53,4;481;565;6;2;2;1;2;;883;58,3;37,9;996;900;32;5;3;1;5;;53,4;-15,4;;45,5;;;
DATA;;Grand Rapids City Ward 1 Precinct 21;1964;1654;84.22%;;922;43,2;55,6;398;513;7;0;2;2;0;;727;50,6;43,9;766;832;28;4;11;2;6;;55,6;-11,8;;44,1;;;
DATA;;Grand Rapids City Ward 1 Precinct 22;819;362;44.2%;;303;84,2;13,5;255;41;4;1;2;0;0;;58;72,4;24,1;297;55;7;0;0;0;2;;13,5;10,6;;16,1;;;
DATA;;Grand Rapids City Ward 1 Precinct 23;1903;1584;83.24%;;862;44,2;54,2;381;467;7;1;3;2;1;;713;56,9;40,5;787;756;16;4;1;1;10;;54,2;-13,6;;45,3;;;
DATA;;Grand Rapids City Ward 1 Precinct 24;1998;703;35.19%;;569;88,4;10,2;503;58;5;1;1;1;0;;133;88,7;6,0;621;66;9;2;4;0;0;;10,2;-4,2;;18,9;;;
DATA;;Grand Rapids City Ward 2 Precinct 25;1398;975;69.74%;;549;81,6;16,2;448;89;6;1;1;3;1;;419;81,6;15,5;790;154;14;1;3;0;6;;16,2;-0,7;;43,3;;;
DATA;;Grand Rapids City Ward 2 Precinct 26;1783;1226;68.76%;;716;69,0;29,7;494;213;5;0;2;1;1;;506;62,6;31,2;811;371;23;2;6;1;8;;29,7;1,5;;41,4;;;
DATA;;Grand Rapids City Ward 2 Precinct 27;1400;967;69.07%;;519;69,7;28,9;362;150;5;0;1;1;0;;443;70,2;26,6;673;268;16;0;1;1;3;;28,9;-2,3;;46,0;;;
DATA;;Grand Rapids City Ward 2 Precinct 28;2172;1464;67.4%;;887;69,9;28,1;620;249;8;1;4;3;2;;574;69,7;27,4;1020;406;20;1;6;0;8;;28,1;-0,7;;39,3;;;
DATA;;Grand Rapids City Ward 2 Precinct 29;2107;1113;52.82%;;750;74,4;23,5;558;176;9;3;1;2;1;;360;69,4;21,9;808;255;38;2;2;1;4;;23,5;-1,5;;32,4;;;
DATA;;Grand Rapids City Ward 2 Precinct 30;1757;1434;81.62%;;718;71,3;27,7;512;199;4;0;1;2;0;;707;76,9;18,7;1056;331;20;0;9;3;6;;27,7;-9,0;;49,6;;;
DATA;;Grand Rapids City Ward 2 Precinct 31;2472;1535;62.1%;;936;69,7;26,1;652;244;16;5;7;10;2;;597;68,0;29,3;1058;419;29;2;13;3;9;;26,1;3,2;;38,9;;;
DATA;;Grand Rapids City Ward 2 Precinct 32;1632;1038;63.6%;;600;70,7;27,5;424;165;6;0;2;3;0;;434;72,8;21,7;740;259;29;0;1;2;3;;27,5;-5,8;;42,0;;;
DATA;;Grand Rapids City Ward 2 Precinct 33;1000;767;76.7%;;400;82,0;16,5;328;66;1;2;1;2;0;;366;79,0;17,8;617;131;8;0;2;1;7;;16,5;1,3;;47,8;;;
DATA;;Grand Rapids City Ward 2 Precinct 34;2280;1568;68.77%;;1007;68,5;29,9;690;301;7;2;5;2;0;;556;68,0;27,2;1068;452;26;1;1;4;11;;29,9;-2,7;;35,6;;;
DATA;;Grand Rapids City Ward 2 Precinct 35;2006;1590;79.26%;;830;53,6;45,3;445;376;4;2;0;3;0;;753;64,3;31,6;929;614;22;4;8;0;6;;45,3;-13,7;;47,6;;;
DATA;;Grand Rapids City Ward 2 Precinct 36;1170;781;66.75%;;512;65,6;32,6;336;167;1;2;2;2;2;;268;67,2;31,0;516;250;6;3;2;2;1;;32,6;-1,6;;34,4;;;
DATA;;Grand Rapids City Ward 2 Precinct 37;2590;2035;78.57%;;1079;61,0;37,5;658;405;7;0;2;5;2;;950;64,8;31,6;1274;705;28;4;6;2;10;;37,5;-6,0;;46,8;;;
DATA;;Grand Rapids City Ward 2 Precinct 38;3147;1982;62.98%;;1090;71,7;26,2;782;286;13;0;6;2;1;;886;75,7;20,8;1453;470;35;1;6;2;9;;26,2;-5,5;;44,8;;;
DATA;;Grand Rapids City Ward 2 Precinct 39;1103;701;63.55%;;365;82,2;15,1;300;55;7;0;0;2;1;;334;85,0;9,9;584;88;20;1;3;1;2;;15,1;-5,2;;47,8;;;
DATA;;Grand Rapids City Ward 2 Precinct 40;2011;1468;73%;;817;85,2;13,8;696;113;2;0;2;4;0;;648;80,2;14,8;1216;209;17;2;8;1;12;;13,8;1,0;;44,2;;;
DATA;;Grand Rapids City Ward 2 Precinct 41;2583;1916;74.18%;;1110;53,0;45,0;588;499;11;3;5;3;1;;794;61,3;36,5;1075;789;27;2;7;1;3;;45,0;-8,4;;41,7;;;
DATA;;Grand Rapids City Ward 2 Precinct 42;2015;1609;79.85%;;895;62,8;35,8;562;320;4;0;7;2;0;;705;70,1;25,7;1056;501;32;3;4;0;4;;35,8;-10,1;;44,1;;;
DATA;;Grand Rapids City Ward 2 Precinct 43;1919;1476;76.92%;;790;57,2;41,6;452;329;6;0;0;3;0;;682;65,8;29,3;901;529;28;3;5;1;5;;41,6;-12,3;;46,3;;;
DATA;;Grand Rapids City Ward 2 Precinct 44;2019;1555;77.02%;;889;50,8;48,1;452;428;7;0;1;1;0;;660;63,3;30,9;870;632;29;7;4;2;5;;48,1;-17,2;;42,6;;;
DATA;;Grand Rapids City Ward 2 Precinct 45;2230;1763;79.06%;;1037;52,2;46,7;541;484;5;1;4;1;1;;711;57,9;37,3;953;749;31;3;3;1;8;;46,7;-9,4;;40,7;;;
DATA;;Grand Rapids City Ward 2 Precinct 46;2456;1651;67.22%;;1035;61,8;36,9;640;382;5;5;3;0;0;;606;61,7;34,0;1014;588;23;1;3;3;9;;36,9;-2,9;;36,9;;;
DATA;;Grand Rapids City Ward 2 Precinct 47;1847;1519;82.24%;;803;61,4;37,0;493;297;6;0;4;1;2;;708;68,1;29,9;975;509;14;1;5;0;7;;37,0;-7,0;;46,9;;;
DATA;;Grand Rapids City Ward 2 Precinct 48;1698;1169;68.85%;;683;77,3;20,6;528;141;8;1;3;2;0;;480;78,5;17,7;905;226;20;1;7;0;4;;20,6;-2,9;;41,3;;;
DATA;;Grand Rapids City Ward 2 Precinct 49;2224;1441;64.79%;;839;80,6;16,8;676;141;14;0;2;3;3;;600;80,2;15,5;1157;234;31;1;7;5;4;;16,8;-1,3;;41,7;;;
DATA;;Grand Rapids City Ward 2 Precinct 50;2528;1718;67.96%;;908;84,3;13,8;765;125;14;0;2;2;0;;807;85,9;8,6;1458;194;44;1;14;0;4;;13,8;-5,2;;47,1;;;
DATA;;Grand Rapids City Ward 3 Precinct 51;1978;1224;61.88%;;894;70,2;27,3;628;244;10;2;8;1;1;;327;66,7;34,6;846;357;15;1;0;0;2;;27,3;7,3;;26,8;;;
DATA;;Grand Rapids City Ward 3 Precinct 52;992;620;62.5%;;368;87,0;11,4;320;42;3;1;2;0;0;;244;91,4;6,1;543;57;6;0;3;0;3;;11,4;-5,3;;39,9;;;
DATA;;Grand Rapids City Ward 3 Precinct 53;2847;2027;71.2%;;1169;52,1;46,8;609;547;7;0;2;4;0;;845;70,9;24,6;1208;755;31;2;6;1;11;;46,8;-22,2;;42,0;;;
DATA;;Grand Rapids City Ward 3 Precinct 54;1594;1208;75.78%;;707;57,7;40,9;408;289;4;1;3;2;0;;493;61,9;33,7;713;455;17;1;3;0;11;;40,9;-7,2;;41,1;;;
DATA;;Grand Rapids City Ward 3 Precinct 55;2274;1791;78.76%;;972;61,3;37,7;596;366;3;1;4;2;0;;810;67,7;28,8;1144;599;17;4;6;0;12;;37,7;-8,9;;45,5;;;
DATA;;Grand Rapids City Ward 3 Precinct 56;2102;1587;75.5%;;988;60,8;38,1;601;376;5;2;2;2;0;;590;66,6;29,2;994;548;27;2;3;0;4;;38,1;-8,9;;37,4;;;
DATA;;Grand Rapids City Ward 3 Precinct 57;1356;994;73.3%;;617;68,4;30,5;422;188;2;2;2;1;0;;369;68,6;27,9;675;291;8;4;3;0;5;;30,5;-2,6;;37,4;;;
DATA;;Grand Rapids City Ward 3 Precinct 58;2045;1514;74.03%;;926;61,8;37,4;572;346;5;0;3;0;0;;579;65,8;30,4;953;522;19;2;2;1;6;;37,4;-7,0;;38,5;;;
DATA;;Grand Rapids City Ward 3 Precinct 59;2518;1932;76.73%;;1089;71,4;27,4;778;298;5;4;2;0;2;;827;72,7;23,5;1379;492;32;1;2;1;9;;27,4;-3,9;;43,2;;;
DATA;;Grand Rapids City Ward 3 Precinct 60;2591;1665;64.26%;;1041;86,7;11,8;903;123;4;0;6;4;1;;620;83,2;13,7;1419;208;17;2;8;2;5;;11,8;1,9;;37,3;;;
DATA;;Grand Rapids City Ward 3 Precinct 61;943;686;72.75%;;387;74,2;23,8;287;92;3;1;2;2;0;;298;84,9;13,8;540;133;8;2;1;1;0;;23,8;-10,0;;43,5;;;
DATA;;Grand Rapids City Ward 3 Precinct 62;1951;1110;56.89%;;798;86,6;11,5;691;92;6;1;4;3;1;;307;80,1;16,3;937;142;18;0;5;1;2;;11,5;4,8;;27,8;;;
DATA;;Grand Rapids City Ward 3 Precinct 63;1992;1159;58.18%;;817;87,8;10,9;717;89;5;1;4;1;0;;338;76,6;19,2;976;154;17;2;3;1;2;;10,9;8,3;;29,3;;;
DATA;;Grand Rapids City Ward 3 Precinct 64;2207;1286;58.27%;;909;79,4;18,2;722;165;12;3;3;3;1;;370;71,4;25,1;986;258;21;0;7;1;6;;18,2;7,0;;28,9;;;
DATA;;Grand Rapids City Ward 3 Precinct 65;2143;1250;58.33%;;873;76,3;21,6;666;189;5;1;8;1;3;;376;67,3;29,3;919;299;13;2;6;0;10;;21,6;7,6;;30,1;;;
DATA;;Grand Rapids City Ward 3 Precinct 66;2538;1082;42.63%;;897;91,5;7,0;821;63;3;1;6;2;1;;179;87,7;11,2;978;83;6;0;8;0;1;;7,0;4,1;;16,6;;;
DATA;;Grand Rapids City Ward 3 Precinct 67;3004;1410;46.94%;;1128;90,6;7,4;1022;83;6;3;6;5;3;;278;83,8;12,6;1255;118;12;0;9;4;8;;7,4;5,2;;19,8;;;
DATA;;Grand Rapids City Ward 3 Precinct 68;1705;1280;75.07%;;676;83,0;16,4;561;111;3;0;0;0;1;;598;80,1;16,4;1040;209;16;1;2;1;5;;16,4;0,0;;46,9;;;
DATA;;Grand Rapids City Ward 3 Precinct 69;1437;1154;80.31%;;623;49,6;49,4;309;308;3;1;0;2;0;;524;61,5;35,3;631;493;14;4;1;0;4;;49,4;-14,1;;45,7;;;
DATA;;Grand Rapids City Ward 3 Precinct 70;1957;908;46.4%;;739;90,8;6,5;671;48;4;3;9;1;3;;160;86,9;16,3;810;74;9;1;2;1;2;;6,5;9,8;;17,8;;;
DATA;;Grand Rapids City Ward 3 Precinct 71;1785;1196;67%;;750;82,9;15,2;622;114;6;1;3;3;1;;442;79,2;17,2;972;190;18;2;1;1;8;;15,2;2,0;;37,1;;;
DATA;;Grand Rapids City Ward 3 Precinct 72;932;721;77.36%;;375;66,9;30,9;251;116;7;0;1;0;0;;346;74,6;19,4;509;183;23;0;3;0;3;;30,9;-11,6;;48,0;;;
DATA;;Grand Rapids City Ward 3 Precinct 73;1174;913;77.77%;;484;67,4;31,0;326;150;4;2;1;0;1;;428;69,4;27,3;623;267;12;4;2;1;3;;31,0;-3,7;;46,9;;;
DATA;;Grand Rapids City Ward 3 Precinct 74;1455;1005;69.07%;;599;73,3;24,9;439;149;6;2;2;0;1;;404;70,5;23,0;724;242;21;3;3;0;10;;24,9;-1,9;;40,3;;;
DATA;;Grand Rapids City Ward 3 Precinct 75;1362;827;60.72%;;552;86,6;11,1;478;61;7;0;5;1;0;;270;81,5;16,3;698;105;15;0;0;0;4;;11,1;5,2;;32,8;;;
DATA;;Grand Rapids City Ward 3 Precinct 76;1642;854;52.01%;;653;89,4;7,8;584;51;5;5;3;4;1;;199;92,0;10,1;767;71;9;0;2;0;3;;7,8;2,2;;23,4;;;
DATA;;Grand Rapids City Ward 3 Precinct 77;1393;1121;80.47%;;624;70,0;29,2;437;182;2;0;2;1;0;;487;70,2;24,6;779;302;15;0;4;1;10;;29,2;-4,5;;43,8;;;
DATA;;Grandville City Precinct 1;2043;1590;77.83%;;962;41,9;56,2;403;541;13;1;2;1;1;;622;59,2;36,2;771;766;39;0;4;1;3;;56,2;-20,1;;39,3;;;
DATA;;Grandville City Precinct 2;2123;1558;73.39%;;923;39,3;58,7;363;542;6;3;4;3;2;;632;53,0;41,9;698;807;36;2;9;0;3;;58,7;-16,8;;40,6;;;
DATA;;Grandville City Precinct 3;2273;1764;77.61%;;1049;31,7;67,2;333;705;6;0;2;3;0;;703;48,1;46,9;671;1035;31;2;6;1;6;;67,2;-20,3;;40,1;;;
DATA;;Grandville City Precinct 4;2091;1788;85.51%;;993;31,8;67,3;316;668;6;1;1;1;0;;783;50,3;46,1;710;1029;24;4;3;1;5;;67,3;-21,2;;44,1;;;
DATA;;Grandville City Precinct 5;2302;1821;79.11%;;1046;34,8;64,0;364;669;10;0;2;0;1;;765;48,2;46,8;733;1027;33;4;4;2;8;;64,0;-17,2;;42,2;;;
DATA;;Grandville City Precinct 6;1818;1449;79.7%;;847;35,7;63,2;302;535;5;1;1;2;1;;596;51,5;45,5;609;806;20;0;3;3;2;;63,2;-17,7;;41,3;;;
DATA;;Grattan Township Precinct 1;1633;1262;77.28%;;687;22,6;76,4;155;525;2;0;2;3;0;;571;38,2;57,8;373;855;16;1;5;1;7;;76,4;-18,6;;45,4;;;
DATA;;Grattan Township Precinct 2;1737;1418;81.64%;;759;33,1;66,1;251;502;2;2;1;1;0;;651;47,6;48,7;561;819;18;3;2;2;5;;66,1;-17,4;;46,2;;;
DATA;;Kentwood City Ward 1 Precinct 1;2302;1404;60.99%;;983;57,2;40,9;562;402;8;0;9;2;0;;411;56,2;41,8;793;574;16;3;4;2;2;;40,9;1,0;;29,5;;;
DATA;;Kentwood City Ward 1 Precinct 2;3016;2186;72.48%;;1383;52,6;44,8;728;619;19;3;5;7;2;;793;58,9;38,2;1195;922;42;4;6;4;3;;44,8;-6,5;;36,4;;;
DATA;;Kentwood City Ward 1 Precinct 3;1659;1233;74.32%;;764;53,7;44,2;410;338;5;5;1;2;3;;462;57,6;39,0;676;518;20;4;2;2;4;;44,2;-5,3;;37,7;;;
DATA;;Kentwood City Ward 1 Precinct 4;1520;913;60.07%;;600;56,0;41,0;336;246;6;4;4;3;1;;308;58,4;42,9;516;378;10;0;2;1;1;;41,0;1,9;;33,9;;;
DATA;;Kentwood City Ward 1 Precinct 5;1296;847;65.35%;;535;54,6;43,4;292;232;5;1;3;1;1;;309;47,6;47,6;439;379;16;4;4;0;2;;43,4;4,2;;36,6;;;
DATA;;Kentwood City Ward 1 Precinct 6;2561;1568;61.23%;;1097;51,7;46,5;567;510;8;2;6;3;1;;465;55,5;42,6;825;708;20;1;5;0;3;;46,5;-3,9;;29,8;;;
DATA;;Kentwood City Ward 1 Precinct 7;2169;1464;67.5%;;973;63,6;34,9;619;340;4;3;4;3;0;;487;63,7;34,3;929;507;19;0;2;1;2;;34,9;-0,7;;33,4;;;
DATA;;Kentwood City Ward 1 Precinct 8;2525;1980;78.42%;;1163;56,7;41,7;660;485;6;2;7;2;1;;805;57,8;38,5;1125;795;25;2;8;0;13;;41,7;-3,2;;40,9;;;
DATA;;Kentwood City Ward 1 Precinct 9;2372;1563;65.89%;;1108;61,2;35,9;678;398;11;3;11;6;1;;446;59,2;37,0;942;563;30;2;9;0;8;;35,9;1,1;;28,7;;;
DATA;;Kentwood City Ward 2 Precinct 10;2411;1846;76.57%;;1155;55,7;42,7;643;493;9;3;6;0;1;;682;59,8;38,1;1051;753;21;2;2;3;5;;42,7;-4,6;;37,1;;;
DATA;;Kentwood City Ward 2 Precinct 11;3154;2377;75.36%;;1439;57,5;41,6;827;599;8;1;1;2;1;;926;63,0;33,0;1410;905;31;4;2;2;11;;41,6;-8,6;;39,2;;;
DATA;;Kentwood City Ward 2 Precinct 12;1814;1330;73.32%;;869;65,2;33,7;567;293;4;3;2;0;0;;454;60,6;37,0;842;461;12;2;3;0;3;;33,7;3,3;;34,3;;;
DATA;;Kentwood City Ward 2 Precinct 13;2153;1483;68.88%;;1011;52,8;46,3;534;468;4;0;2;2;1;;466;69,3;27,5;857;596;11;2;6;1;4;;46,3;-18,8;;31,6;;;
DATA;;Kentwood City Ward 2 Precinct 14;886;636;71.78%;;398;58,0;39,7;231;158;3;0;2;4;0;;235;68,9;28,5;393;225;11;0;1;0;3;;39,7;-11,2;;37,1;;;
DATA;;Kentwood City Ward 2 Precinct 15;3164;1883;59.51%;;1317;71,1;26,3;937;346;15;3;10;3;3;;556;67,3;32,0;1311;524;19;3;7;1;8;;26,3;5,7;;29,7;;;
DATA;;Kentwood City Ward 2 Precinct 16;2805;2222;79.22%;;1242;53,7;45,5;667;565;4;0;2;1;3;;961;64,2;32,7;1284;879;26;0;5;0;9;;45,5;-12,8;;43,6;;;
DATA;;Kentwood City Ward 2 Precinct 17;1801;1023;56.8%;;749;72,9;26,3;546;197;2;0;3;1;0;;266;63,2;33,1;714;285;8;2;3;0;3;;26,3;6,8;;26,2;;;
DATA;;Kentwood City Ward 2 Precinct 18;2285;1340;58.64%;;874;68,8;28,9;601;253;12;2;3;2;1;;462;68,2;27,9;916;382;29;1;5;1;2;;28,9;-1,0;;34,6;;;
DATA;;Lowell Charter Township Precinct 1;2604;2080;79.88%;;1138;29,5;69,4;336;790;8;1;2;1;0;;932;45,2;50,0;757;1256;37;5;5;1;9;;69,4;-19,4;;45,0;;;
DATA;;Lowell Charter Township Precinct 2;2521;1869;74.14%;;1032;40,5;57,5;418;593;5;3;6;4;3;;831;50,9;44,6;841;964;40;4;4;2;8;;57,5;-12,8;;44,6;;;
DATA;;Lowell City Precinct 1;1686;1223;72.54%;;644;43,9;53,0;283;341;7;1;3;8;1;;574;53,1;43,2;588;589;26;2;7;3;3;;53,0;-9,7;;47,1;;;
DATA;;Lowell City Precinct 2;1538;997;64.82%;;584;36,8;61,5;215;359;8;0;2;0;0;;411;47,7;47,7;411;555;18;3;3;0;5;;61,5;-13,8;;41,3;;;
DATA;;Nelson Township Precinct 1;2082;1451;69.69%;;905;26,6;72,0;241;652;6;0;5;0;1;;543;32,4;63,9;417;999;25;3;1;1;2;;72,0;-8,1;;37,5;;;
DATA;;Nelson Township Precinct 2;1772;1363;76.92%;;791;28,8;70,2;228;555;4;0;2;1;1;;565;34,0;61,8;420;904;27;3;1;1;0;;70,2;-8,4;;41,7;;;
DATA;;Oakfield Township Precinct 1;1633;1266;77.53%;;723;31,7;67,2;229;486;0;1;7;0;0;;539;41,6;56,6;453;791;14;1;1;0;2;;67,2;-10,6;;42,7;;;
DATA;;Oakfield Township Precinct 2;1968;1426;72.46%;;834;29,6;68,1;247;568;12;0;4;2;1;;588;36,7;62,1;463;933;23;1;1;0;1;;68,1;-6,0;;41,4;;;
DATA;;Oakfield Township Precinct 3;1456;1094;75.14%;;660;31,5;67,6;208;446;6;0;0;0;0;;427;42,2;54,8;388;680;17;0;2;0;0;;67,6;-12,8;;39,3;;;
DATA;;Plainfield Charter Township Precinct 1;2804;2358;84.09%;;1230;37,1;62,3;456;766;1;0;4;3;0;;1114;48,7;47,8;998;1298;31;2;3;2;10;;62,3;-14,5;;47,5;;;
DATA;;Plainfield Charter Township Precinct 2;2556;2023;79.15%;;1098;34,1;64,4;374;707;11;0;6;0;0;;917;47,3;49,9;808;1165;32;2;4;0;4;;64,4;-14,4;;45,5;;;
DATA;;Plainfield Charter Township Precinct 3;2208;1498;67.84%;;861;48,4;49,6;417;427;5;1;4;6;1;;636;50,9;44,5;741;710;35;2;5;3;1;;49,6;-5,1;;42,5;;;
DATA;;Plainfield Charter Township Precinct 4;2461;1814;73.71%;;954;48,1;50,3;459;480;5;2;2;6;0;;852;56,0;40,8;936;828;31;0;6;1;4;;50,3;-9,5;;47,2;;;
DATA;;Plainfield Charter Township Precinct 5;2238;1737;77.61%;;925;41,2;56,8;381;525;7;1;7;3;1;;809;54,3;42,3;820;867;30;5;6;3;3;;56,8;-14,5;;46,7;;;
DATA;;Plainfield Charter Township Precinct 6;3310;2627;79.37%;;1429;32,1;66,4;458;949;16;1;3;2;0;;1185;50,7;46,8;1059;1504;33;7;3;0;8;;66,4;-19,6;;45,3;;;
DATA;;Plainfield Charter Township Precinct 7;3016;2448;81.17%;;1317;39,0;60,4;513;795;4;1;1;3;0;;1117;56,3;41,2;1142;1255;17;1;9;3;7;;60,4;-19,2;;45,9;;;
DATA;;Plainfield Charter Township Precinct 8;2948;2276;77.2%;;1158;42,5;55,6;492;644;12;2;2;5;1;;1110;57,0;40,1;1125;1089;43;2;7;0;2;;55,6;-15,5;;48,9;;;
DATA;;Plainfield Charter Township Precinct 9;2676;2090;78.1%;;1169;37,8;60,9;442;712;7;3;4;1;0;;909;50,7;47,1;903;1140;21;5;3;3;3;;60,9;-13,8;;43,7;;;
DATA;;Plainfield Charter Township Precinct 10;1886;1604;85.05%;;853;36,8;62,1;314;530;5;1;0;2;1;;745;49,9;45,9;686;872;26;1;4;1;8;;62,1;-16,2;;46,6;;;
DATA;;Plainfield Charter Township Precinct 11;1836;1560;84.97%;;740;34,9;64,3;258;476;5;0;0;1;0;;810;52,2;43,3;681;827;25;1;2;0;14;;64,3;-21,0;;52,3;;;
DATA;;Rockford City Precinct 1;1984;1510;76.11%;;846;43,4;55,2;367;467;7;1;2;2;0;;658;59,0;38,1;755;718;20;3;4;2;2;;55,2;-17,1;;43,8;;;
DATA;;Rockford City Precinct 2;2718;2269;83.48%;;1114;42,0;57,2;468;637;7;0;1;1;0;;1146;60,3;36,2;1159;1052;33;2;4;1;9;;57,2;-21,0;;50,7;;;
DATA;;Solon Township Precinct 1;2005;1485;74.06%;;886;26,4;72,0;234;638;4;3;5;1;1;;593;39,6;60,0;469;994;13;3;0;0;0;;72,0;-12,0;;40,1;;;
DATA;;Solon Township Precinct 2;3053;2232;73.11%;;1361;23,9;74,2;325;1010;12;2;8;3;1;;867;39,3;56,6;666;1501;46;4;8;2;1;;74,2;-17,6;;38,9;;;
DATA;;Sparta Township Precinct 1;3274;2236;68.3%;;1329;36,2;62,3;481;828;7;2;6;4;1;;896;46,3;48,8;896;1265;39;6;6;3;10;;62,3;-13,5;;40,3;;;
DATA;;Sparta Township Precinct 2;1713;1271;74.2%;;789;25,9;72,1;204;569;6;2;6;1;1;;474;33,3;64,1;362;873;17;3;5;0;3;;72,1;-8,0;;37,5;;;
DATA;;Sparta Township Precinct 3;2145;1569;73.15%;;909;28,2;69,6;256;633;12;2;3;2;1;;657;39,0;59,8;512;1026;17;2;3;1;5;;69,6;-9,8;;42,0;;;
DATA;;Spencer Township Precinct 1;2010;1540;76.62%;;948;25,8;72,6;245;688;4;0;10;0;1;;585;35,9;62,1;455;1051;20;0;4;0;3;;72,6;-10,5;;38,2;;;
DATA;;Spencer Township Precinct 2;1376;1054;76.6%;;685;20,6;78,0;141;534;4;0;5;0;1;;368;32,1;66,6;259;779;7;3;3;0;2;;78,0;-11,4;;34,9;;;
DATA;;Tyrone Township Precinct 1;1932;1429;73.96%;;884;21,6;77,0;191;681;7;1;3;1;0;;539;32,3;64,9;365;1031;17;3;5;0;2;;77,0;-12,1;;37,9;;;
DATA;;Tyrone Township Precinct 2;1700;1129;66.41%;;682;24,0;73,6;164;502;5;3;4;3;1;;446;31,2;65,2;303;793;23;5;3;0;1;;73,6;-8,4;;39,5;;;
DATA;;Vergennes Township Precinct 1;2008;1762;87.75%;;983;29,7;69,3;292;681;6;2;1;1;0;;774;42,2;54,1;619;1100;25;4;3;3;3;;69,3;-15,1;;44,1;;;
DATA;;Vergennes Township Precinct 2;1728;1458;84.38%;;829;30,9;68,4;256;567;4;1;0;1;0;;625;48,5;46,6;559;858;23;2;5;0;7;;68,4;-21,8;;43,0;;;
DATA;;Walker City Ward 1 Precinct 1;2259;1379;61.04%;;826;57,4;40,0;474;330;7;3;7;5;0;;549;59,4;39,2;800;545;16;2;8;3;1;;40,0;-0,8;;39,9;;;
DATA;;Walker City Ward 1 Precinct 2;1835;1419;77.33%;;804;42,5;56,5;342;454;5;0;2;1;0;;609;50,1;46,0;647;734;24;1;1;3;3;;56,5;-10,5;;43,1;;;
DATA;;Walker City Ward 1 Precinct 3;2158;1612;74.7%;;928;45,8;52,9;425;491;7;0;3;2;0;;681;55,1;42,0;800;777;23;2;6;0;1;;52,9;-10,9;;42,3;;;
DATA;;Walker City Ward 2 Precinct 4;2488;1995;80.18%;;1111;34,8;64,0;387;711;10;0;1;2;0;;876;51,0;45,4;834;1109;35;1;4;0;4;;64,0;-18,6;;44,1;;;
DATA;;Walker City Ward 2 Precinct 5;2039;1661;81.46%;;892;39,2;59,5;350;531;7;1;1;2;0;;763;45,5;50,6;697;917;24;5;6;2;4;;59,5;-8,9;;46,1;;;
DATA;;Walker City Ward 2 Precinct 6;2044;1524;74.56%;;856;39,7;58,6;340;502;2;2;3;5;2;;660;48,8;49,5;662;829;11;3;6;1;4;;58,6;-9,1;;43,5;;;
DATA;;Walker City Ward 3 Precinct 7;2149;1709;79.53%;;949;42,5;56,1;403;532;10;0;2;1;1;;747;49,3;46,1;771;876;28;5;3;0;13;;56,1;-10,0;;44,0;;;
DATA;;Walker City Ward 3 Precinct 8;2017;1672;82.9%;;1028;29,4;69,6;302;715;7;1;2;1;0;;641;46,0;48,7;597;1027;36;3;2;0;4;;69,6;-20,9;;38,4;;;
DATA;;Walker City Ward 3 Precinct 9;2154;1655;76.83%;;952;38,9;60,0;370;571;8;1;2;0;0;;697;59,0;36,9;781;828;30;2;5;1;2;;60,0;-23,1;;42,3;;;
DATA;;Wyoming City Ward 1 Precinct 1;1955;1216;62.2%;;823;59,2;38,8;487;319;8;2;4;1;2;;391;56,0;41,9;706;483;17;1;6;1;0;;38,8;3,2;;32,2;;;
DATA;;Wyoming City Ward 1 Precinct 2;1408;722;51.28%;;507;58,2;38,9;295;197;7;0;7;1;0;;213;56,3;40,8;415;284;17;1;1;0;2;;38,9;2,0;;29,6;;;
DATA;;Wyoming City Ward 1 Precinct 3;2310;1321;57.19%;;936;58,3;38,8;546;363;9;4;11;1;2;;384;60,2;40,1;777;517;12;4;2;4;4;;38,8;1,3;;29,1;;;
DATA;;Wyoming City Ward 1 Precinct 4;2146;1503;70.04%;;976;49,6;49,0;484;478;7;1;4;1;1;;524;51,5;45,2;754;715;19;2;3;0;7;;49,0;-3,7;;34,9;;;
DATA;;Wyoming City Ward 1 Precinct 5;2255;1435;63.64%;;902;57,4;41,0;518;370;4;0;6;2;2;;532;58,1;37,0;827;567;21;3;7;1;8;;41,0;-4,0;;37,1;;;
DATA;;Wyoming City Ward 1 Precinct 6;1712;1016;59.35%;;651;55,1;42,5;359;277;3;3;3;4;2;;364;54,4;43,4;557;435;17;1;2;2;1;;42,5;0,9;;35,9;;;
DATA;;Wyoming City Ward 1 Precinct 7;2094;1497;71.49%;;895;41,2;57,0;369;510;6;4;2;1;3;;597;51,9;45,6;679;782;15;1;5;2;8;;57,0;-11,4;;40,0;;;
DATA;;Wyoming City Ward 1 Precinct 8;1383;787;56.91%;;549;53,7;43,2;295;237;7;0;6;2;2;;234;47,9;46,6;407;346;19;1;4;0;6;;43,2;3,4;;29,9;;;
DATA;;Wyoming City Ward 1 Precinct 9;2506;1400;55.87%;;963;60,5;36,7;583;353;14;3;5;2;3;;433;56,1;41,3;826;532;28;2;4;1;3;;36,7;4,7;;31,0;;;
DATA;;Wyoming City Ward 2 Precinct 10;1715;984;57.38%;;711;63,4;34,7;451;247;6;1;2;3;1;;265;60,0;35,8;610;342;14;1;5;1;3;;34,7;1,1;;27,2;;;
DATA;;Wyoming City Ward 2 Precinct 11;1589;856;53.87%;;606;72,8;24,9;441;151;6;0;2;3;3;;248;61,3;33,1;593;233;17;0;4;3;4;;24,9;8,1;;29,0;;;
DATA;;Wyoming City Ward 2 Precinct 12;1415;775;54.77%;;540;64,1;33,7;346;182;4;1;2;4;1;;232;57,8;40,1;480;275;11;1;3;0;2;;33,7;6,4;;30,1;;;
DATA;;Wyoming City Ward 2 Precinct 13;1768;1123;63.52%;;780;49,4;47,8;385;373;10;2;5;3;2;;338;56,2;40,2;575;509;21;5;5;0;3;;47,8;-7,6;;30,2;;;
DATA;;Wyoming City Ward 2 Precinct 14;1252;887;70.85%;;534;46,6;50,7;249;271;9;1;0;1;3;;350;49,1;44,6;421;427;26;1;4;0;5;;50,7;-6,2;;39,6;;;
DATA;;Wyoming City Ward 2 Precinct 15;1022;687;67.22%;;436;51,4;46,1;224;201;3;0;3;5;0;;249;50,6;46,6;350;317;11;0;4;0;3;;46,1;0,5;;36,4;;;
DATA;;Wyoming City Ward 2 Precinct 16;1420;961;67.68%;;627;45,0;53,4;282;335;6;1;2;1;0;;327;56,6;37,9;467;459;18;1;3;1;5;;53,4;-15,5;;34,3;;;
DATA;;Wyoming City Ward 2 Precinct 17;2161;1113;51.5%;;820;67,0;29,6;549;243;11;4;9;1;3;;288;61,8;38,2;727;353;17;1;5;2;3;;29,6;8,6;;26,0;;;
DATA;;Wyoming City Ward 2 Precinct 18;1286;863;67.11%;;532;48,7;48,5;259;258;4;2;7;2;0;;326;60,7;39,6;457;387;10;2;1;0;1;;48,5;-8,9;;38,0;;;
DATA;;Wyoming City Ward 2 Precinct 19;2032;1379;67.86%;;888;56,1;41,0;498;364;11;1;7;3;4;;488;52,3;44,7;753;582;31;2;6;0;2;;41,0;3,7;;35,5;;;
DATA;;Wyoming City Ward 2 Precinct 20;2106;1343;63.77%;;885;54,1;44,0;479;389;6;2;8;0;1;;454;55,7;41,2;732;576;18;7;1;2;3;;44,0;-2,8;;33,9;;;
DATA;;Wyoming City Ward 3 Precinct 21;2469;1712;69.34%;;1083;47,0;51,2;509;555;8;2;5;3;1;;623;50,4;46,2;823;843;27;2;7;1;3;;51,2;-5,0;;36,5;;;
DATA;;Wyoming City Ward 3 Precinct 22;1417;955;67.4%;;611;51,4;47,0;314;287;2;0;5;1;2;;344;55,2;42,2;504;432;11;0;3;1;4;;47,0;-4,8;;36,0;;;
DATA;;Wyoming City Ward 3 Precinct 23;2515;1478;58.77%;;929;59,6;37,4;554;347;15;1;6;5;1;;542;57,6;40,4;866;566;23;4;5;0;7;;37,4;3,1;;36,8;;;
DATA;;Wyoming City Ward 3 Precinct 24;2472;1600;64.72%;;968;45,2;52,3;438;506;13;2;5;3;1;;626;53,5;43,6;773;779;33;0;2;1;6;;52,3;-8,7;;39,3;;;
DATA;;Wyoming City Ward 3 Precinct 25;1783;1451;81.38%;;803;35,7;63,5;287;510;3;0;2;1;0;;640;48,4;47,3;597;813;24;3;2;0;4;;63,5;-16,2;;44,4;;;
DATA;;Wyoming City Ward 3 Precinct 26;1349;971;71.98%;;535;47,5;51,2;254;274;5;0;1;1;0;;430;63,3;33,7;526;419;18;0;2;0;0;;51,2;-17,5;;44,6;;;
DATA;;Wyoming City Ward 3 Precinct 27;1310;967;73.82%;;568;41,2;57,7;234;328;4;0;1;1;0;;391;58,1;37,9;461;476;15;0;3;0;4;;57,7;-19,9;;40,8;;;
DATA;;Wyoming City Ward 3 Precinct 28;2183;1784;81.72%;;1036;36,6;62,5;379;647;6;1;1;1;1;;741;51,6;45,1;761;981;28;1;2;0;4;;62,5;-17,4;;41,7;;;
DATA;;Wyoming City Ward 3 Precinct 29;1839;1538;83.63%;;845;38,6;60,8;326;514;2;1;0;2;0;;685;51,2;44,8;677;821;27;3;1;0;1;;60,8;-16,0;;44,8;;;
DATA;;Wyoming City Ward 3 Precinct 30;2198;1824;82.98%;;1092;29,7;70,1;324;765;3;0;0;0;0;;726;51,5;44,5;698;1088;21;2;3;0;6;;70,1;-25,6;;39,9;;;